id|name|number
1|Nerea|+91 7196378367
2|Latifah|+91 2493103803
3|Echo|+91 9371884784
4|Alfreda|+91 0390810992
5|Uma|+91 3225198226
6|Quynn|+91 3226371776
7|Fallon|+91 5818120217
8|Montana|+91 9182814087
9|Kathleen|+91 1183595779
10|Ralph|+91 5941086535
11|Benjamin|+91 2781883785
12|Raphael|+91 4740762216
13|Bethany|+91 6346535038
14|May|+91 2685214244
15|Zelda|+91 9654693557
16|Mara|+91 5320902233
17|Edan|+91 5984352919
18|Len|+91 4614347747
19|Cecilia|+91 7982629070
20|Bryar|+91 4644775837
21|Bruno|+91 4725286191
22|Zachary|+91 3922616011
23|Idona|+91 8993367328
24|Guy|+91 1059563445
25|Otto|+91 2748655926
26|Brent|+91 0990447603
27|Bradley|+91 9521902068
28|Merrill|+91 1917188753
29|Camilla|+91 1142866683
30|Shellie|+91 5043782720
31|Fritz|+91 3363341867
32|Raymond|+91 6552262584
33|Raymond|+91 8225965210
34|Sylvester|+91 1432854641
35|Dolan|+91 1503829472
36|Alice|+91 2716769280
37|Margaret|+91 7247753581
38|Kasper|+91 7249807404
39|Eagan|+91 6042813580
40|Tobias|+91 6567488651
41|Quentin|+91 1540073895
42|Emerson|+91 5167732876
43|Owen|+91 2555173091
44|Noelle|+91 1585586778
45|Kim|+91 3078516254
46|Isaiah|+91 2749739344
47|Merritt|+91 4620954151
48|Adele|+91 8394637510
49|Jesse|+91 8570386055
50|Jaden|+91 9078304328
51|Akeem|+91 9460300426
52|Hakeem|+91 5704108404
53|Hedy|+91 2437256446
54|Sonia|+91 0636330821
55|Clarke|+91 9583246205
56|Halla|+91 0815961955
57|Germane|+91 3497512910
58|Orson|+91 9060227702
59|Eve|+91 5849389255
60|Athena|+91 3771707048
61|Eagan|+91 4936414450
62|Hector|+91 4284897227
63|Rajah|+91 2226648789
64|Carter|+91 5736407145
65|Renee|+91 0588958222
66|Fallon|+91 3891724111
67|Nigel|+91 3605658610
68|Knox|+91 8625490507
69|Shad|+91 7595524009
70|Aretha|+91 5831029103
71|Illana|+91 9460610586
72|Kay|+91 1553623384
73|Ali|+91 6301596334
74|Sacha|+91 0140560455
75|Alvin|+91 7771064594
76|Ginger|+91 1404467025
77|Maile|+91 5793838639
78|Clark|+91 6788364081
79|Chadwick|+91 3756039633
80|Dahlia|+91 1488382920
81|Yoshio|+91 9637048652
82|Skyler|+91 5985753758
83|Nadine|+91 2020976922
84|Lionel|+91 0449545965
85|Hedley|+91 4393587522
86|Igor|+91 5210215796
87|Ulysses|+91 2021730455
88|Cheyenne|+91 5589503898
89|Lucas|+91 9458511840
90|Hope|+91 1673383724
91|Sean|+91 6352866203
92|Echo|+91 7777087301
93|Jameson|+91 5928781908
94|Alisa|+91 4714825261
95|Bryar|+91 7556364589
96|Lois|+91 7532075602
97|Cailin|+91 6383461622
98|Logan|+91 5522048270
99|Joshua|+91 9908618893
100|Evangeline|+91 1289960779